{"learning_rate": 0.015693518150744597, "n_estimators": 504, "max_depth": 9, "max_leaves": 50, "min_child_weight": 5, "reg_alpha": 0.8867235670008597, "reg_lambda": 0.4902540163271362}